-- MySQL dump 10.13  Distrib 8.0.34, for Win64 (x86_64)
--
-- Host: localhost    Database: trail_blazers
-- Originally from a project for LaunchCode ------------------------------------------------------
-- Server version	8.0.34

/*!40101 SET @OLD_CHARACTER_SET_CLIENT=@@CHARACTER_SET_CLIENT */;
/*!40101 SET @OLD_CHARACTER_SET_RESULTS=@@CHARACTER_SET_RESULTS */;
/*!40101 SET @OLD_COLLATION_CONNECTION=@@COLLATION_CONNECTION */;
/*!50503 SET NAMES utf8 */;
/*!40103 SET @OLD_TIME_ZONE=@@TIME_ZONE */;
/*!40103 SET TIME_ZONE='+00:00' */;
/*!40014 SET @OLD_UNIQUE_CHECKS=@@UNIQUE_CHECKS, UNIQUE_CHECKS=0 */;
/*!40014 SET @OLD_FOREIGN_KEY_CHECKS=@@FOREIGN_KEY_CHECKS, FOREIGN_KEY_CHECKS=0 */;
/*!40101 SET @OLD_SQL_MODE=@@SQL_MODE, SQL_MODE='NO_AUTO_VALUE_ON_ZERO' */;
/*!40111 SET @OLD_SQL_NOTES=@@SQL_NOTES, SQL_NOTES=0 */;

--
-- Table structure for table `fauna`
--

CREATE DATABASE trailblazers;
USE trailblazers;

DROP TABLE IF EXISTS `fauna`;
/*!40101 SET @saved_cs_client     = @@character_set_client */;
/*!50503 SET character_set_client = utf8mb4 */;
CREATE TABLE `fauna` (
  `id` int NOT NULL AUTO_INCREMENT,
  `common_name` varchar(255) DEFAULT NULL,
  `current_distribution` varchar(255) DEFAULT NULL,
  `family` varchar(255) DEFAULT NULL,
  `image` varchar(255) DEFAULT NULL,
  `scientific_name` varchar(255) DEFAULT NULL,
  `status` varchar(255) DEFAULT NULL,
  `photo_credit` varchar(255) DEFAULT NULL,
  PRIMARY KEY (`id`)
) ENGINE=InnoDB AUTO_INCREMENT=51 DEFAULT CHARSET=utf8mb4 COLLATE=utf8mb4_0900_ai_ci;
/*!40101 SET character_set_client = @saved_cs_client */;

--
-- Dumping data for table `fauna`
--

LOCK TABLES `fauna` WRITE;
/*!40000 ALTER TABLE `fauna` DISABLE KEYS */;
INSERT INTO `fauna` VALUES (1,'Barrens Dagger Moth','AR, CO, CT, DE, GA, MA, MO, NC, NJ, NM, NY, OH, PA;','Noctuidae','https://live.staticflickr.com/65535/53416658599_93980dcaac.jpg','Acronicta albarufa','Not Listed','https://bugguide.net/node/view/1237584'),(2,'Artesian agapetus caddisfly','MO;','Glossosomatidae','https://live.staticflickr.com/65535/53415416637_2a48f10619_b.jpg','Agapetus artesus','Not Listed','https://en.wikipedia.org/wiki/Agapetus_%28caddisfly%29#/media/File:Agapetus_fuscipes,_Glossosomatidae,_Trawscoed,_June_2012_(17416647854).jpg'),(3,'Baird\'s sparrow','CO, ID, KS, MN, MO, MT, ND, NE, NM, OK, SD, TX, WY;','Emberizidae','https://live.staticflickr.com/65535/53416658489_740153f05a_c.jpg','Ammodramus bairdii','Not Listed','https://www.allaboutbirds.org/guide/Bairds_Sparrow/photo-gallery'),(5,'Oklahoma salamander','AR, MO, OK;','Plethodontidae','https://live.staticflickr.com/65535/53416502698_b0e7862bba_b.jpg','Eurycea tynerensis','Not Listed','https://www.inaturalist.org/observations/35206170'),(6,'Coldwater crayfish','AR, MO;','Cambaridae','https://live.staticflickr.com/65535/53415416677_58305093d3_b.jpg','Faxonius eupunctus','Not Listed','https://news.illinois.edu/view/6367/616886'),(7,'Coyote','AK, AL, AR, AZ, CA, CO, CT, DC, DE, FL, GA, IA, ID, IL, IN, KS, KY, LA, MA, MD, ME, MI, MN, MO, MS, MT, NC, ND, NE, NH, NJ, NM, NV, NY, OH, OK, OR, PA, RI, SC, SD, TN, TX, UT, VA, VT, WA, WI, WV, WY;','canidae','https://live.staticflickr.com/65535/53416502848_24ba2e6576_b.jpg','canis latrans','Not Listed','https://mammals.carnegiemnh.org/pa-mammals/coyote-canis-latrans/'),(8,'Northern Cardinal','AL, AR, AZ, CA, CO, CT, DC, DE, FL, GA, HI, IA, ID, IL, IN, KS, KY, LA, MA, MD, ME, MI, MN, MO, MS, MT, NC, ND, NE, NH, NJ, NM, NV, NY, OH, OK, OR, PA, RI, SC, SD, TN, TX, UT, VA, VT, WA, WI, WV, WY','Cardinalidae','https://live.staticflickr.com/65535/53416335661_b1339a9d52_b.jpg','Cardinalis cardinalis','Not Listed','https://en.wikipedia.org/wiki/Northern_cardinal#/media/File:Male_northern_cardinal_in_Central_Park_(52612).jpg'),(9,'Marbled underwing moth','DE, IL, IN, KY, MO, NC, NJ, NY, OH, PA, SC, VA, VT, WV;','Noctuidae','https://live.staticflickr.com/65535/53416335686_ad47a6d2bc_k.jpg','Catocala marmorata','Not Listed','https://auth1.dpr.ncparks.gov/moths/photos_records/2017/10/Catocala_marmorata1506961984.jpg'),(11,'Black tern','CA, CO, IA, ID, IL, IN, KS, ME, MI, MN, MO, MT, ND, NE, NV, NY, OH, OR, SD, UT, WA, WI, WY;','Laridae','https://live.staticflickr.com/65535/53416502743_bc124f1330_b.jpg','Chlidonias niger','Not Listed','https://en.wikipedia.org/wiki/Black_tern#/media/File:%C4%8Cor%C3%ADk_%C4%8Dierny_(Chlidonias_niger)_a_(4644831482).jpg'),(12,'Mammoth Spring crayfish','AR, MO;','Cambaridae','https://live.staticflickr.com/65535/53416771605_912489f003_k.jpg','Faxonius marchandi','Not Listed','https://www.joelsartore.com/inv002-00229/'),(13,'St. Francis River Crayfish','MO;','Cambaridae','https://live.staticflickr.com/65535/53416335531_2528d69469_t.jpg','Faxonius quadruncus','Threatened','https://www.fws.gov/taxonomic-tree/48924'),(14,'Wisconsin puma','IA, IL, KS, MN, MO, WI;','Felidae','https://live.staticflickr.com/65535/53416335546_51089eafa9_b.jpg','Felis concolor schorgeri','Not Listed','https://en.wikipedia.org/wiki/North_American_cougar#/media/File:Cougar_-_panoramio_(2).jpg'),(15,'Plains topminnow','CO, IA, KS, MN, MO, NE, OK, SD, WY;','Cyprinodontidae','https://live.staticflickr.com/65535/53416658374_1e270715d9.jpg','Fundulus sciadicus','Not Listed','https://en.wikipedia.org/wiki/Plains_topminnow#/media/File:Plains_Topminnow_-_Fundulus_sciadicus.jpg'),(16,'Longsolid','AL, GA, IL, IN, KY, MO, MS, NC, NY, OH, PA, SC, TN, VA, WV;','Unionidae','https://live.staticflickr.com/65535/53416502678_b60eb21bfc_b.jp','Fusconaia subrotunda','Threatened','https://en.wikipedia.org/wiki/Fusconaia_subrotunda#/media/File:Fusconaia_subrotunda.jpg'),(17,'False map turtle','IN, MN, MO, ND, WI;','Emydidae','https://live.staticflickr.com/65535/53416771715_caa64f1444_c.jpg','Graptemys pseudogeographica','Not Listed','https://calphotos.berkeley.edu/cgi/img_query?enlarge=0000+0000+1208+3545'),(18,'Prairie mole cricket','AR, IL, KS, MO, MS, OK;','Gryllidae','https://live.staticflickr.com/65535/53416335671_e49fb40c5b.jpg','Gryllotalpa major','Not Listed','https://bugguide.net/node/view/622682'),(19,'Harlequin duck','AK, AR, AZ, CA, CO, CT, DE, IA, ID, KS, MA, MD, ME, MN, MO, MT, NE, NH, NJ, NM, NV, OK, OR, RI, SD, TX, UT, WA, WY;','Anatidae','https://live.staticflickr.com/65535/53416335526_21c74d6279_b.jpg','Histrionicus histrionicus','Not Listed','https://en.wikipedia.org/wiki/Harlequin_duck#/media/File:Histrionicus_histrionicus_drake_Barnegat.jpg'),(20,'Yellow mud turtle','IA, IL, MO, NE;','Kinosternidae','https://live.staticflickr.com/65535/53415416567_be55e06e81_c.jpg','Kinosternon flavescens flavescens','Not Listed','https://iucn-tftsg.org/kinosternon-flavescens-121/'),(21,'Black lordithon rove beetle','AR, CT, DC, GA, IL, KY, MI, MO, NC, NY, OH, PA, TX, VA, WV; Possibly extinct,not reported since 1965','Staphylinidae','https://live.staticflickr.com/65535/53416335491_9e15e8f918_b.jpg','Lordithon niger','Not Listed','https://www.inaturalist.org/observations/15206666'),(22,'[Unnamed] looper moth','GA, KY, MO, MS, TN;','Geometridae','https://live.staticflickr.com/65535/53415416642_434eba46cb.jpg','Lytrosis permagnaria','Not Listed','https://bugguide.net/node/view/1369850'),(23,'Alligator snapping turtle','AL, AR, FL, GA, IL, KS, KY, LA, MO, MS, OK, TN, TX;','Chelydridae','https://live.staticflickr.com/65535/53416771570_f32c74c38b_b.jpg','Macrochelys temminckii','Proposed Threatened','https://en.wikipedia.org/wiki/Alligator_snapping_turtle#/media/File:Alligator_snapping_turtle.jpg'),(24,'American burying beetle','MO; U.S.A. (eastern States south to FL, west to SD and TX), eastern Canada','Silphidae','https://live.staticflickr.com/65535/53416335481_38f0b051d0_c.jpg','Nicrophorus americanus','Experimental Population, Non-Essential','https://en.wikipedia.org/wiki/Nicrophorus_americanus#/media/File:Nicrophorus_americanus'),(25,'White-tail deer','IL, IN, IA, MA, MI, MN, MO, MS, ND, NJ, NY, OH, WI, ','Cervidae','https://live.staticflickr.com/65535/53416335496_46da7894fd_b.jpg','Odocoileus virginianus','Not Listed','https://en.wikipedia.org/wiki/White-tailed_deer#/media/File:White-tailed_deer_(Odocoileus_virginianus_nelsoni)_female_with_fawns_Orange_Walk.jpg'),(26,'Ozark snaketail','AR, KS, MO;','Gomphiidae','https://live.staticflickr.com/65535/53416335466_7749bc9bee_b.jpg','Ophiogomphus westfalli','Not Listed','https://en.wikipedia.org/wiki/Ophiogomphus_westfalli#/media/File:Westfall\'s_Clubtail_-_Ophiogomphus_westfalli,_Blackwater_Wildlife_Management_Area,_Holt,_Florida_-_Flickr_-_Judy_Gallagher.jpg'),(27,'Illinois chorus frog','AR, IL, MO;','Hylidae','https://live.staticflickr.com/65535/53415416542_7dea5f58de_z.jpg','Pseudacris illinoensis','Not Listed','https://en.wikipedia.org/wiki/Illinois_chorus_frog#/media/File:Pseudacris_streckeri_illinoensis.jpg'),(28,'Queen snake','AR, MO;','Colubridae','https://live.staticflickr.com/65535/53416658494_fd0d3242f9.jpg','Regina septemvittata','Not Listed','https://en.wikipedia.org/wiki/Queen_snake#/media/File:Regina_septemvittataPCCA20060513-3674B.jpg'),(29,'Eastern gray squirrel','AL, AR, CT, DC, DE, FL, GA, IA, IL, IN, KS, KY, LA, MA, MD, ME, MI, MN, MO, MS, MT, NC, ND, NE, NH, NJ, NY, OH, OK, PA, RI, SC, SD, TN, TX, VA, VT, WI, WV','Sciuridae','https://live.staticflickr.com/65535/53416658329_77ec0c4581_c.jpg','Sciurus carolinensis','Not Listed','https://en.wikipedia.org/wiki/Eastern_gray_squirrel#/media/File:EasternGraySquirrel_GAm.jpg'),(30,'Hine\'s emerald dragonfly','IL, MI, MO, WI; U.S.A. (WI, OH, MO, MI, IN, IL, AL)','Corduliidae','https://live.staticflickr.com/65535/53416502613_bc8e9a8cda_b.jpg','Somatochlora hineana','Endangered','https://en.wikipedia.org/wiki/Hine%27s_emerald#/media/File:Hine\'s_Emerald_Dragonfly_(41092633930).jpg'),(31,'Ozark emerald','AR, KS, MO, OK;','Corduliidae','https://live.staticflickr.com/65535/53416335441_48068d3ab7_c.jpg','Somatochlora ozarkensis','Not Listed','http://www.thehibbitts.net/troy/photo/odonata/ozark.emerald.s.ozarkensis.ok.leflore.16.4.0093.jpg'),(32,'Diana fritillary','AR, GA, IL, IN, LA, MD, MO, MS, NC, OH, PA, SC, TN, VA, WV;','Nymphalidae','https://live.staticflickr.com/65535/53415416512_7d137dd2d8_b.jpg','Speyeria diana','Not Listed','https://en.wikipedia.org/wiki/Diana_fritillary#/media/File:Male_Diana_Fritillary_Megan_McCarty27.jpg'),(33,'Regal fritillary','AR, CO, IA, IL, IN, KS, MN, MO, MT, ND, NE, OK, PA, SD, WI, WY;','Nymphalidae','https://live.staticflickr.com/65535/53416658284_1133be72d4_b.jpg','Speyeria idalia','Under Review in the Candidate or Petition Process','https://commons.wikimedia.org/wiki/Category:Speyeria_idalia#/media/File:Speyeria_idalia1.jpg'),(34,'Plains Spotted Skunk','AR, IA, KS, MN, MO, MT, ND, NE, OK, SD, TX, WY;','Mustelidae','https://live.staticflickr.com/65535/53415416517_712501ad5e_k.jpg','Spilogale interrupta','Not Listed','https://www.dnazoo.org/copy-of-assemblies/spilogale_interrupta'),(35,'Least tern','AR, CO, IA, IL, IN, KS, KY, LA, MO, MS, MT, ND, NE, NM, OK, SD, TN, TX;','Laridae','https://live.staticflickr.com/65535/53416502588_dd1ba38076_b.jpg','Sternula antillarum','Recovery','https://en.wikipedia.org/wiki/Least_tern#/media/File:Least_Tern_(Sternula_antillarum)_RWD1.jpg'),(36,'Eastern cottontail','AL, AR, CT, DC, DE, FL, GA, IA, IL, IN, KS, KY, LA, MA, MD, ME, MI, MN, MO, MS, MT, NC, ND, NE, NH, NJ, NY, OH, OK, PA, RI, SC, SD, TN, TX, VA, VT, WI, WV','Leporidae','https://live.staticflickr.com/65535/53416771505_f459ace2b8_c.jpg','Sylvilagus floridanus','Not Listed','https://en.wikipedia.org/wiki/Eastern_cottontail#/media/File:Eastern_Cottontail.JPG'),(37,'Ozark big-eared bat','AR, MO, OK; Entire','Vespertilionidae','https://live.staticflickr.com/65535/53416658464_a4e200f667_c.jpg','Corynorhinus (=Plecotus) townsendii ingens','Endangered','https://www.earth.com/endangered-species/corynorhinus-plecotus-townsendii-virginianus/'),(38,'Bluestone sculpin','MO;','Cottidae','https://live.staticflickr.com/65535/53416502738_4560ec297f_w.jpg','Cottus sp.','Not Listed','https://vtichthyology.blogspot.com/2017/10/endemic-fishes-of-new-river-by-don-orth.html'),(39,'Grotto Sculpin','MO;','Cottidae','https://live.staticflickr.com/65535/53416502733_a1d677d5b4_c.jpg','Cottus specus','Endangered','https://www.earth.com/endangered-species/cottus-specus/'),(40,'Blue jay','AL, AR, CT, DC, DE, FL, GA, IA, IL, IN, KS, KY, LA, MA, MD, ME, MI, MN, MO, MS, MT, NC, ND, NE, NH, NJ, NY, OH, OK, PA, RI, SC, SD, TN, TX, VA, VT, WI, WV','Corvidae','https://live.staticflickr.com/65535/53416658449_8ba00961a1_b.jpg','Cyanocitta cristata','Not Listed','https://en.wikipedia.org/wiki/Blue_jay#/media/File:Blue_jay_in_PP_(30960).jpg'),(41,'Western fanshell','AR, KS, MO, OK;','Unionidae','https://live.staticflickr.com/65535/53416658444_ca632825a6_m.jpg','Cyprogenia aberti','Threatened','https://ksoutdoors.com/Services/Threatened-and-Endangered-Wildlife/All-Threatened-and-Endangered-Species/WESTERN-FANSHELL-MUSSEL'),(42,'Monarch butterfly','AL, AR, AZ, CA, CO, CT, DC, DE, FL, GA, HI, IA, ID, IL, IN, KS, KY, LA, MA, MD, ME, MI, MN, MO, MS, MT, NC, ND, NE, NH, NJ, NM, NV, NY, OH, OK, OR, PA, RI, SC, SD, TN, TX, UT, VA, VT, WA, WI, WV, WY','Nymphalidae','https://live.staticflickr.com/65535/53416658409_c8f83ccf47_b.jpg','Danaus plexippus','Candidate','https://en.wikipedia.org/wiki/Monarch_butterfly#/media/File:Monarch_In_May.jpg'),(43,'Western Chicken turtle','AR, MO, MS, TX;','Emydidae','https://live.staticflickr.com/65535/53416771640_f1ee98a244_b.jpg','Deirochelys reticularia ssp. miaria','Under Review in the Candidate or Petition Process','https://en.wikipedia.org/wiki/Deirochelys#/media/File:Deirochelys_reticularia_2008-11-02_289.jpg'),(44,'Cerulean warbler','AL, AR, CT, DE, IA, IL, IN, KS, KY, LA, MA, MD, MI, MN, MO, MS, NC, NE, NH, NJ, NY, OH, OK, PA, RI, TN, TX, VA, VT, WI, WV;','Parulidae','https://live.staticflickr.com/65535/53416335681_e195afc59a_b.jpg','Dendroica cerulea','Not Listed','https://michigannature.files.wordpress.com/2013/10/dendroica-cerulea-002.jpg'),(45,'Sixbanded long-horned beetle','AL, AR, IN, KS, KY, LA, MD, MI, MO, MS, OH, PA, TN, VA, WV;','Cerambycidae','https://live.staticflickr.com/65535/53416335576_4064cb4d6f.jpg','Dryobius sexnotatus','Not Listed','https://bugguide.net/node/view/2138164'),(46,'Reakirt\'s blue butterfly','AR, AZ, CA, CO, IA, KS, LA, MN, MO, MT, NM, NV, OK, SD, TX, UT, WY;','Lycaenidae','https://live.staticflickr.com/65535/53416658399_b4e2177b63_b.jpg','Echinargus isola','Not Listed','https://en.wikipedia.org/wiki/Echinargus_isola#/media/File:Reakirt\'s_Blue_(36301977103).jpg'),(47,'Curtis pearlymussel','AR, MO; U.S.A. (MO, AR)','Unionidae','https://live.staticflickr.com/65535/53416335581_8fb46ff1e6_b.jpg','Epioblasma florentina curtisii','Endangered','https://en.wikipedia.org/wiki/Epioblasma#/media/File:Epioblasma_brevidens.jpg'),(48,'Ozark chub','AR, MO;','Cyprinidae','https://live.staticflickr.com/65535/53416658549_ca9484ec3b_k.jpg','Erimystax harryi','Not Listed','https://gallery.nanfa.org/v/members/Uland/Family+Cyprinidae/Erimystax/Erimystax+harryi+Ozark+Chub+2858+1_1.JPG.html?g2_imageViewsIndex=2'),(49,'Arkansas darter','AR, CO, KS, MO, OK;','Percidae','https://live.staticflickr.com/65535/53416502833_e9f4f0f8ed_b.jpg','Etheostoma cragini','Not Listed','https://nas.er.usgs.gov/queries/factsheet.aspx?SpeciesID=810'),(50,'Niangua darter','MO; U.S.A. (MO)','Percidae','https://live.staticflickr.com/65535/53416502688_95ee98ac67_c.jpg','Etheostoma nianguae','Threatened','https://www.earth.com/endangered-species/etheostoma-nianguae/');
/*!40000 ALTER TABLE `fauna` ENABLE KEYS */;
UNLOCK TABLES;

--
-- Table structure for table `geolocations`
--

DROP TABLE IF EXISTS `geolocations`;
/*!40101 SET @saved_cs_client     = @@character_set_client */;
/*!50503 SET character_set_client = utf8mb4 */;
CREATE TABLE `geolocations` (
  `id` int NOT NULL AUTO_INCREMENT,
  `name` text,
  `latitude` double DEFAULT NULL,
  `longitude` double DEFAULT NULL,
  `PARK_TYPE` text,
  `URL` text,
  `short_name` text,
  PRIMARY KEY (`id`)
) ENGINE=InnoDB AUTO_INCREMENT=91 DEFAULT CHARSET=utf8mb4 COLLATE=utf8mb4_0900_ai_ci;
/*!40101 SET character_set_client = @saved_cs_client */;

--
-- Dumping data for table `geolocations`
--

LOCK TABLES `geolocations` WRITE;
/*!40000 ALTER TABLE `geolocations` DISABLE KEYS */;
INSERT INTO `geolocations` VALUES (1,'Ha Ha Tonka State Park',37.96786290349126,-92.76354566426453,'State Park','http://mostateparks.com/park/ha-ha-tonka-state-park','Ha Ha Tonka SP'),(2,'Arrow Rock State Historic Site',39.065044568771164,-92.94457445908155,'State Historic Site','http://mostateparks.com/park/arrow-rock-state-historic-site','Arrow Rock SHS'),(3,'Edward \"Ted\"\" and Pat Jones-Confluence Point State Park\"',38.83490797600394,-90.12385407093906,'State Park','http://mostateparks.com/park/edward-ted-and-pat-jones-confluence-point-state-park','Confluence Point SP'),(4,'Wallace State Park',39.655797897833764,-94.21674925233187,'State Park','http://mostateparks.com/park/wallace-state-park','Wallace SP'),(5,'Weston Bend State Park',39.39037110358824,-94.87610680987113,'State Park','http://mostateparks.com/park/weston-bend-state-park','Weston Bend SP'),(6,'Nathan and Olive Boone Homestead State Historic Site',37.344324109760684,-93.57258896912677,'State Historic Site','https://mostateparks.com/park/nathan-and-olive-boone-homestead-state-historic-site','Boone Homestead SHS'),(7,'St. Francois State Park',37.972099991491866,-90.52158624754239,'State Park','http://mostateparks.com/park/st-francois-state-park','St Francois SP'),(8,'Thomas Hart Benton Home and Studio State Historic Site',39.06209108134429,-94.59784907425424,'State Historic Site','http://mostateparks.com/park/thomas-hart-benton-home-and-studio-state-historic-site','Benton Home & Studio SHS'),(9,'Harry S Truman Birthplace State Historic Site',37.49395017070493,-94.27097033006,'State Historic Site','http://mostateparks.com/park/harry-s-truman-birthplace-state-historic-site','Truman Birthplace SHS'),(10,'Stockton State Park',37.60690832755519,-93.75062217584403,'State Park','http://mostateparks.com/park/stockton-state-park','Stockton SP'),(11,'Morris State Park',36.55056296905489,-90.04000845742698,'State Park','http://mostateparks.com/park/morris-state-park','Morris SP'),(12,'Onondaga Cave State Park',38.060550849438584,-91.23601031851923,'State Park','http://mostateparks.com/park/onondaga-cave-state-park','Onondaga Cave SP'),(13,'Gen. John J. Pershing Boyhood Home State Historic Site',39.78937742479565,-93.17032809806072,'State Historic Site','http://mostateparks.com/park/gen-john-j-pershing-boyhood-home-state-historic-site','Pershing Boyhood Home SHS'),(14,'Prairie State Park',37.51939105110548,-94.55345367943485,'State Park','http://mostateparks.com/park/prairie-state-park','Prairie SP'),(15,'Osage Village State Historic Site',37.981661622587104,-94.20705950495005,'State Historic Site','http://mostateparks.com/park/osage-village-state-historic-site','Osage Village SHS'),(16,'Elephant Rocks State Park',37.654733077921726,-90.68845027912366,'State Park','http://mostateparks.com/park/elephant-rocks-state-park','Elephant Rocks SP'),(17,'Mastodon State Historic Site',38.378780701718185,-90.39321727497158,'State Historic Site','http://mostateparks.com/park/mastodon-state-historic-site','Mastodon SHS'),(18,'Finger Lakes State Park',39.08947734095997,-92.31885134910675,'State Park','http://mostateparks.com/park/finger-lakes-state-park','Finger Lakes SP'),(19,'Clark\'s Hill/Norton State Historic Site',38.560344967204244,-92.02618216260153,'State Historic Site','http://mostateparks.com/park/clarks-hillnorton-state-historic-site','Clark\'s Hill/Norton SHS'),(20,'Confederate Memorial State Historic Site',39.097558799051555,-93.72644167845674,'State Historic Site','http://mostateparks.com/park/confederate-memorial-state-historic-site','Confederate Memorial SHS'),(21,'Sam A. Baker State Park',37.25896787863403,-90.52683539400397,'State Park','http://mostateparks.com/park/sam-baker-state-park','Sam A Baker SP'),(22,'Crowder State Park',40.10518122040246,-93.67527977096938,'State Park','http://mostateparks.com/park/crowder-state-park','Crowder SP'),(23,'Deutschheim State Historic Site',38.706259480388155,-91.43851172608765,'State Historic Site','http://mostateparks.com/park/deutschheim-state-historic-site','Deutschheim SHS'),(24,'Big Sugar Creek State Park',36.62931719622177,-94.28634991096244,'State Park','http://mostateparks.com/park/big-sugar-creek-state-park','Big Sugar Creek SP'),(25,'Boone\'s Lick State Historic Site',39.081562385072026,-92.87755313525071,'State Historic Site','http://mostateparks.com/park/boones-lick-state-historic-site','Boone\'s Lick SHS'),(26,'Bothwell Lodge State Historic Site',38.79137047928481,-93.21709254166241,'State Historic Site','http://mostateparks.com/park/bothwell-lodge-state-historic-site','Bothwell Lodge SHS'),(27,'Dillard Mill State Historic Site',37.71855669397461,-91.20513370009986,'State Historic Site','http://mostateparks.com/park/dillard-mill-state-historic-site','Dillard Mill SHS'),(28,'Pershing State Park',39.7626932735553,-93.23101216101198,'State Park','http://mostateparks.com/park/pershing-state-park','Pershing SP'),(29,'Mark Twain Birthplace State Historic Site',39.49284348746995,-91.78623980327126,'State Historic Site','http://mostateparks.com/park/mark-twain-birthplace-state-historic-site','Mark Twain Birthplace SHS'),(30,'Union Covered Bridge State Historic Site',39.432947542957834,-92.10250609744102,'State Historic Site','http://mostateparks.com/park/union-covered-bridge-state-historic-site','Union Covered Bridge SHS'),(31,'Annie and Abel Van Meter State Park',39.274507832109634,-93.2609225033208,'State Park','http://mostateparks.com/park/van-meter-state-park','Van Meter SP'),(32,'Battle of Lexington State Historic Site',39.19374494285127,-93.87805566490437,'State Historic Site','http://mostateparks.com/park/battle-lexington-state-historic-site','Battle of Lexington SHS'),(33,'Cuivre River State Park',39.036979156199045,-90.93344165045653,'State Park','http://mostateparks.com/park/cuivre-river-state-park','Cuivre River SP'),(34,'Jewell Cemetery State Historic Site',38.919801856600664,-92.33623012249049,'State Historic Site','http://mostateparks.com/park/jewell-cemetery-state-historic-site','Jewell Cemetery SHS'),(35,'Rock Bridge Memorial State Park',38.87331667762531,-92.31775676071712,'State Park','http://mostateparks.com/park/rock-bridge-memorial-state-park','Rock Bridge SP'),(36,'Knob Noster State Park',38.74427402840905,-93.60364075594563,'State Park','http://mostateparks.com/park/knob-noster-state-park','Knob Noster SP'),(37,'Jefferson Landing State Historic Site',38.578627243303636,-92.1703788689432,'State Historic Site','http://mostateparks.com/park/missouri-state-museum','Missouri State Museum'),(38,'Table Rock State Park',36.5846760466895,-93.30520572694378,'State Park','http://mostateparks.com/park/table-rock-state-park','Table Rock SP'),(39,'Big Oak Tree State Park',36.64641914832908,-89.30228370267898,'State Park','http://mostateparks.com/park/big-oak-tree-state-park','Big Oak Tree SP'),(40,'Trail of Tears State Park',37.45742912331841,-89.48211814954722,'State Park','http://mostateparks.com/park/trail-tears-state-park','Trail of Tears SP'),(41,'Battle of Pilot Knob State Historic Site',37.61911206607148,-90.63796924491518,'State Historic Site','http://mostateparks.com/park/battle-pilot-knob-state-historic-site','Battle of Pilot Knob SHS'),(42,'Bennett Spring State Park',37.70452050825995,-92.84074257189499,'State Park','http://mostateparks.com/park/bennett-spring-state-park','Bennett Spring SP'),(43,'Pomme de Terre State Park',37.88223288823142,-93.31283511975886,'State Park','http://mostateparks.com/park/pomme-de-terre-state-park','Pomme De Terre SP'),(44,'Washington State Park',38.08475130072147,-90.69213609179631,'State Park','http://mostateparks.com/park/washington-state-park','Washington SP'),(45,'Lake of the Ozarks State Park',38.099158662393165,-92.59359474642534,'State Park','http://mostateparks.com/park/lake-ozarks-state-park','Lake of The Ozarks SP'),(46,'Meramec State Park',38.208050417456114,-91.10002137750912,'State Park','http://mostateparks.com/park/meramec-state-park','Meramec SP'),(47,'Sandy Creek Covered Bridge State Historic Site',38.28644384515165,-90.52780998435989,'State Historic Site','http://mostateparks.com/park/sandy-creek-covered-bridge-state-historic-site','Sandy Creek Covered Bridge SHS'),(48,'Mark Twain State Park',39.48819440497749,-91.80650729523283,'State Park','http://mostateparks.com/park/mark-twain-state-park','Mark Twain SP'),(49,'Battle of Carthage State Historic Site',37.17381454145905,-94.29774248341212,'State Historic Site','http://mostateparks.com/park/battle-carthage-state-historic-site','Battle of Carthage SHS'),(50,'Hawn State Park',37.82108689348564,-90.24239734352665,'State Park','http://mostateparks.com/park/hawn-state-park','Hawn SP'),(51,'Lewis and Clark State Park',39.53677479785724,-95.0566400433858,'State Park','http://mostateparks.com/park/lewis-and-clark-state-park','Lewis & Clark SP'),(52,'Missouri Mines State Historic Site',37.83798996875132,-90.50941786454838,'State Historic Site','http://mostateparks.com/park/missouri-mines-state-historic-site','Missouri Mines SHS'),(53,'St. Joe State Park',37.80738882476116,-90.50258858293051,'State Park','http://mostateparks.com/park/st-joe-state-park','St Joe SP'),(54,'Wakonda State Park',40.0050338575106,-91.51139525112036,'State Park','http://mostateparks.com/park/wakonda-state-park','Wakonda SP'),(55,'Watkins Woolen Mill State Park and Historic Site',39.404771877971235,-94.25848601394772,'State Park','http://mostateparks.com/park/watkins-mill-state-park','Watkins Mill SP'),(56,'Johnson\'s Shut-Ins State Park',37.562766512548755,-90.87582125176465,'State Park','http://mostateparks.com/park/johnsons-shut-ins-state-park','Johnson\'s Shut-Ins SP'),(57,'Hunter-Dawson State Historic Site',36.59664661834896,-89.52350296600642,'State Historic Site','http://mostateparks.com/park/hunter-dawson-state-historic-site','Hunter-Dawson SHS'),(58,'Gov. Daniel Dunklin\'s Grave State Historic Site',38.28050289593953,-90.37666246387074,'State Historic Site','http://mostateparks.com/park/gov-daniel-dunklins-grave-state-historic-site','Dunkllin\'s Grave SHS'),(59,'Graham Cave State Park',38.90688300130936,-91.57828320892212,'State Park','http://mostateparks.com/park/graham-cave-state-park','Graham Cave SP'),(60,'Grand Gulf State Park',36.545892147907416,-91.64782090003834,'State Park','http://mostateparks.com/park/grand-gulf-state-park','Grand Gulf SP'),(61,'Iliniwek Village State Historic Site',40.430644423272284,-91.55485954172049,'State Historic Site','http://mostateparks.com/park/iliniwek-village-state-historic-site','Iliniwek Village SHS'),(62,'Roaring River State Park',36.587888471448295,-93.8244219987445,'State Park','http://mostateparks.com/park/roaring-river-state-park','Roaring River SP'),(63,'Thousand Hills State Park',40.176502602778044,-92.64338300701712,'State Park','http://mostateparks.com/park/thousand-hills-state-park','Thousand Hills SP'),(64,'Towosahgy State Historic Site',36.69319370622155,-89.2352889845723,'State Historic Site','http://mostateparks.com/park/towosahgy-state-historic-site','Towosahgy SHS'),(65,'Harry S Truman State Park',38.28005933445348,-93.44477195316321,'State Park','http://mostateparks.com/park/harry-s-truman-state-park','Harry S Truman SP'),(66,'Scott Joplin House State Historic Site',38.63708694382501,-90.21546236800512,'State Historic Site','http://mostateparks.com/park/scott-joplin-house-state-historic-site','Scott Joplin House SHS'),(67,'Long Branch State Park',39.7825545803779,-92.51353430667857,'State Park','http://mostateparks.com/park/long-branch-state-park','Long Branch SP'),(68,'Big Lake State Park',40.08307448441541,-95.36533778675715,'State Park','http://mostateparks.com/park/big-lake-state-park','Big Lake SP'),(69,'Lake Wappapello State Park',36.94314074985497,-90.33446413442836,'State Park','http://mostateparks.com/park/lake-wappapello-state-park','Lake Wappapello SP'),(70,'First Missouri State Capitol State Historic Site',38.78005481159141,-90.48150057598669,'State Historic Site','http://mostateparks.com/park/first-missouri-state-capitol-state-historic-site','First Mo State Capitol SHS'),(71,'Current River State Park',37.32480905174913,-91.43028818653502,'State Park','http://mostateparks.com/park/current-river-state-park','Current River SP'),(72,'Montauk State Park',37.46125640981924,-91.67711298166148,'State Park','http://mostateparks.com/park/montauk-state-park','Montauk SP'),(73,'Felix Valle House State Historic Site',37.97357569932574,-90.04173653948821,'State Historic Site','http://mostateparks.com/park/felix-valle-house-state-historic-site','Felix Valle House SHS'),(74,'Robertsville State Park',38.426618878003005,-90.81312529832101,'State Park','http://mostateparks.com/park/robertsville-state-park','Robertsville SP'),(75,'Locust Creek Covered Bridge State Historic Site',39.78935186438994,-93.23267267336298,'State Historic Site','http://mostateparks.com/park/locust-creek-covered-bridge-state-historic-site','Locust Creek Covered Bridge SHS'),(76,'Battle of Athens State Historic Site',40.58693998219204,-91.70806457664894,'State Historic Site','http://mostateparks.com/park/battle-athens-state-historic-site','Battle of Athens SHS'),(77,'Battle of Island Mound State Historic Site',38.23514332720006,-94.43964462233018,'State Historic Site','http://mostateparks.com/park/battle-island-mound-state-historic-site','Battle of Island Mound SHS'),(78,'Don Robinson State Park',38.394144971857884,-90.69321752813556,'State Park','http://mostateparks.com/park/don-robinson-state-park','Don Robinson SP'),(79,'Sappington Cemetery State Historic Site',39.03304306157742,-93.00772600276136,'State Historic Site','http://mostateparks.com/park/sappington-cemetery-state-historic-site','Sappington Cemetery SHS'),(80,'Echo Bluff State Park',37.310074548863504,-91.40570853875161,'State Park','https://mostateparks.com/park/echo-bluff-state-park','Echo Bluff SP'),(81,'Taum Sauk Mountain State Park',37.557609914471165,-90.75764109194321,'State Park','http://mostateparks.com/park/taum-sauk-mountain-state-park','Taum Sauk Mountain SP'),(82,'Dr. Edmund A. Babler Memorial State Park',38.62044268315628,-90.69497842115236,'State Park','https://mostateparks.com/park/dr-edmund-babler-memorial-state-park','Babler Memorial SP'),(83,'Route 66 State Park',38.508527954512914,-90.6029992576682,'State Park','https://mostateparks.com/park/route-66-state-park','Route 66'),(84,'Castlewood State Park',38.54016949874561,-90.56696308525459,'State Park','https://mostateparks.com/park/castlewood-state-park','Castlewood SP'),(85,'Bollinger Mill State Historic Site',37.36607326105377,-89.80397048159996,'State Historic Site','http://mostateparks.com/park/bollinger-mill-state-historic-site','Bollinger Mill SHS'),(86,'Bryant Creek State Park',36.81856780303603,-92.42085877112461,'State Park','https://mostateparks.com/park/bryant-creek-state-park','Bryant Creek SP'),(87,'Shepherd of the Hills State Park',36.70149703402905,-93.29334535049837,'State Park','https://mostateparks.com/park/ozark-mountain-state-park','Ozark Mountain SP'),(88,'Jay Nixon State Park',37.58754180971751,-90.77774156014428,'State Park','https://mostateparks.com/park/jay-nixon-state-park','Jay Nixon SP'),(89,'Eleven Point State Park',36.600660386400016,-91.19091869618182,'State Park','https://mostateparks.com/park/eleven-point-state-park','Eleven Point SP'),(90,'Sappington African American Cemetery State Historic Site',39.03248840487876,-93.01433768873248,'State Historic Site','https://mostateparks.com/park/sappington-african-american-cemetery-state-historic-site','Sappington Cemetery SHS');
/*!40000 ALTER TABLE `geolocations` ENABLE KEYS */;
UNLOCK TABLES;

--
-- Table structure for table `plants`
--

DROP TABLE IF EXISTS `plants`;
/*!40101 SET @saved_cs_client     = @@character_set_client */;
/*!50503 SET character_set_client = utf8mb4 */;
CREATE TABLE `plants` (
  `id` int NOT NULL AUTO_INCREMENT,
  `common_name` varchar(255) DEFAULT NULL,
  `current_distribution` varchar(255) DEFAULT NULL,
  `family` varchar(255) DEFAULT NULL,
  `federal_listing_status` varchar(255) DEFAULT NULL,
  `image` varchar(255) DEFAULT NULL,
  `photo_credit` varchar(255) DEFAULT NULL,
  `scientific_name` varchar(255) DEFAULT NULL,
  PRIMARY KEY (`id`)
) ENGINE=InnoDB AUTO_INCREMENT=51 DEFAULT CHARSET=utf8mb4 COLLATE=utf8mb4_0900_ai_ci;
/*!40101 SET character_set_client = @saved_cs_client */;

--
-- Dumping data for table `plants`
--

LOCK TABLES `plants` WRITE;
/*!40000 ALTER TABLE `plants` DISABLE KEYS */;
INSERT INTO `plants` VALUES (1,'Auriculate false-foxglove','AR, IL, IN, KS, MD, MI, MN, MO, MS, OH, OK, PA, SC, TN, TX, VA, WI, WV;','Scrophulariaceae','Not Listed','https://live.staticflickr.com/65535/53411161716_035efe01a1_z.jpg','https://www.wildflower.org/gallery/result.php?id_image=87350','Agalinis auriculata'),(2,'No common name','MO;','Fabaceae','Not Listed','https://live.staticflickr.com/65535/53411607415_0612864992_z.jpg','https://www.wildflower.org/gallery/result.php?id_image=8967','Amorpha canescens'),(3,'No common name','AR, IN, MI, MO, WI;','Brassicaceae','Not Listed','https://live.staticflickr.com/65535/53411337503_ef2d045aa0_z.jpg','https://www.wildflower.org/gallery/result.php?id_image=45129','Arabis missouriensis deamii'),(4,'Mead\'s milkweed','IA, IL, IN, KS, MO, WI; U.S.A. (WI, MO, KS, IN, IL, IA)','Asclepiadaceae','Threatened','https://live.staticflickr.com/65535/53410240592_6e1d782cc3_b.jpg','https://www.fs.usda.gov/wildflowers/plant-of-the-week/images/meadsmilkweed/asclepias_meadii_full.jpg','Asclepias meadii'),(5,'Scott\'s spleenwort','AL, AR, CT, DE, GA, IL, MA, MO, NC, NJ, OH, PA, TN, VA, WV;','Aspleniaceae','Not Listed','https://live.staticflickr.com/65535/53410240672_5e86a626a5_h.jpg','https://www.pumpkinbeth.com/plants/asplenium-x-ebenoides/','Asplenium ebenoides'),(6,'Decurrent false aster','IL, MO; U.S.A. (MO, IL)','Asteraceae','Threatened','https://live.staticflickr.com/65535/53411337648_70a1ebac01_c.jpg','https://www.missouribotanicalgarden.org/PlantFinder/FullImageDisplay.aspx?documentid=7865','Boltonia decurrens'),(7,'Ofer Hollow reedgrass','AR, IL, KY, MO, OH;','Poaceae','Not Listed','https://live.staticflickr.com/65535/53410240677_80bbd2694f_k.jpg','https://www.inaturalist.org/observations/38552275','Calamagrostis porteri insperata'),(8,'[Unnamed] poppy-mallow','AR, IA, KS, MO, OK;','Malvaceae','Not Listed','https://live.staticflickr.com/65535/53411337763_865d68e230_z.jpg','https://www.wildflower.org/gallery/result.php?id_image=21680','Callirhoe bushii'),(9,'Oklahoma grasspink','AR, IL, LA, MO, MS, OK, TX, WI;','Orchidaceae','Not Listed','https://live.staticflickr.com/65535/53411161921_b376f59804_z.jpg','https://www.wildflower.org/gallery/result.php?id_image=34129','Calopogon oklahomensis'),(10,'[Unnamed] sedge','CT, DE, MA, MO, NC, NJ, NY, PA, VA, VT, WI;','Cyperaceae','Not Listed','https://live.staticflickr.com/65535/53411607520_407248ba3c_z.jpg','https://guides.nynhp.org/media/i10030.jpg','Carex schweinitzii'),(11,'[Unnamed] sedge','AR, IL, IN, KY, MO, TN;','Cyperaceae','Not Listed','https://live.staticflickr.com/65535/53410240667_8567371627_c.jpg','https://www.babikow.com/plant-name/Carex-socialis','Carex socialis'),(12,'Ozark chinquapin','AL, AR, MO, OK;','Fagaceae','Not Listed','https://live.staticflickr.com/65535/53411161831_63243a2aaa_c.jpg','https://www.missouribotanicalgarden.org/PlantFinder/FullImageDisplay.aspx?documentid=19664','Castanea pumila ozarkensis'),(13,'No common name','AR, IA, IL, IN, KY, MI, MO;','Scrophulariaceae','Not Listed','https://live.staticflickr.com/65535/53410240657_bc894fe1c7_c.jpg','https://en.wikipedia.org/wiki/Chelone_obliqua#/media/File:Lamiales_-_Chelone_obliqua_-_1.jpg','Chelone obliqua speciosa'),(14,'No common name','AL, AR, GA, IL, IN, KY, MO, MS, NC, OK, SC, TN;','Fabaceae','Not Listed','https://live.staticflickr.com/65535/53411607625_84fa0364ba_z.jpg','https://www.wildflower.org/gallery/result.php?id_image=42903','Cladrastis kentukea'),(15,'Umbrella sedge','IL, LA, MO, TX;','Cyperaceae','Not Listed','https://live.staticflickr.com/65535/53411337753_a212cfc542_z.jpg','https://www.wildflower.org/gallery/result.php?id_image=48806','Cyperus grayoides'),(16,'Small white lady\'s-slipper','AL, DE, IA, IL, IN, KY, MD, MI, MN, MO, ND, NE, NJ, NY, OH, PA, SD, WI;','Orchidaceae','Not Listed','https://live.staticflickr.com/65535/53411493099_0515a1948e_z.jpg','https://www.wildflower.org/gallery/result.php?id_image=6898','Cypripedium candidum'),(17,'[Unnamed] larkspur','AR, MO;','Ranunculaceae','Not Listed','https://live.staticflickr.com/65535/53410240647_028dd26953_b.jpg','https://www.missouribotanicalgarden.org/PlantFinder/FullImageDisplay.aspx?documentid=73959','Delphinium treleasei'),(18,'French\'s shootingstar','AR, IL, IN, KY, MO;','Primulaceae','Not Listed','https://live.staticflickr.com/65535/53411493104_906ce491a6_b.jpg','https://en.wikipedia.org/wiki/Primula_frenchii#/media/File:Primula_frenchii_Pope_County','Dodecatheon frenchii'),(19,'No common name','AR, GA, MO, OK, SC;','Brassicaceae','Not Listed','https://live.staticflickr.com/65535/53411337738_8b23421163_z.jpg','https://www.wildflower.org/gallery/result.php?id_image=40789','Draba aprica'),(20,'No common name','IA, IL, IN, KS, LA, MN, MO, ND, NE, OH, WI;','Cyperaceae','Not Listed','https://live.staticflickr.com/65535/53411337723_0cd098938d_z.jpg','https://www.wildflower.org/gallery/result.php?id_image=48576','Eleocharis wolfii'),(21,'[Unnamed] aster','AR, IA, IL, IN, MO, WI;','Asteraceae','Not Listed','https://live.staticflickr.com/65535/53411607610_ed433f0d27_k.jpg','https://illinoisbotanizer.com/site/assets/files/2528/eurybia_furcata_scaled_copyright_dsc_0005.jpg','Eurybia furcata'),(22,'No common name','AR, LA, MO, TX; U.S.A. (MO, LA, AR, TX)','Caryophyllaceae','Threatened','https://live.staticflickr.com/65535/53410240642_da59858487_b.jpg','https://en.wikipedia.org/wiki/Geocarpon#/media/File:Geocarpon_minimum_in_situ.jpg','Geocarpon minimum'),(23,'Virginia sneezeweed','IN, MO, VA; U.S.A. (VA, MO)','Asteraceae','Threatened','https://live.staticflickr.com/65535/53411337588_87966cb759_b.jpg','https://www.missouribotanicalgarden.org/PlantFinder/FullImageDisplay.aspx?documentid=73350','Helenium virginicum'),(24,'No common name','MO;','Saxifragaceae','Not Listed','https://live.staticflickr.com/65535/53410240632_7f0a468fa8_b.jpg','https://tennessee-kentucky.plantatlas.usf.edu/plant.aspx?id=2015#plant-photos','Heuchera missouriensis'),(25,'Goldenseal','AL, AR, CT, DE, GA, IA, IL, IN, KY, MD, MI, MN, MO, MS, NC, NY, OH, PA, TN, VA, VT, WI, WV;','Ranunculaceae','Not Listed','https://live.staticflickr.com/65535/53411337713_bc25d95225_z.jpg','https://www.wildflower.org/gallery/result.php?id_image=32104','Hydrastis canadensis'),(26,'Pondberry','AL, AR, GA, MO, MS, NC, SC, TN; U.S.A. (SC, NC, MS, MO, LA, GA, FL, AR, AL)','Lauraceae','Endangered','https://live.staticflickr.com/65535/53411161901_de79dbff1e_z.jpg','https://www.wildflower.org/gallery/result.php?id_image=50398','Lindera melissifolia'),(27,'No common name','AL, IL, KS, KY, MO, NE, TN;','Malvaceae','Not Listed','https://live.staticflickr.com/65535/53411337563_29233a343c_b.jpg','https://tennessee-kentucky.plantatlas.usf.edu/plant.aspx?id=1764#plant-photos','Malvastrum hispidum'),(28,'Forbes saxifrage','IA, IL, IN, MN, MO, WI;','Saxifragaceae','Not Listed','https://live.staticflickr.com/65535/53411161786_4b52ca8364_w.jpg','https://www.amandasnativeplants.com/product-page/micranthes-pensylvanica-swamp-saxifrage#:~:text=Swamp%20saxifrage%20is%20a%20lovely,bear%20ten%20yellow%2Dtopped%20stamens','Micranthes pensylvanica'),(29,'[Unnamed] muhly','IL, MO, OH, PA;','Poaceae','Not Listed','https://live.staticflickr.com/65535/53411161776_24c1b19157.jpg','https://www.eeob.iastate.edu/research/IowaGrasses/speciespages/MuhleXCurt/MuhXCurPl1.html','Muhlenbergia curtisetosa'),(30,'No common name','AL, AR, GA, MO, MS, TN;','Rosaceae','Not Listed','https://live.staticflickr.com/65535/53411337708_beaf037675_z.jpg','https://www.wildflower.org/gallery/result.php?id_image=23392','Neviusia alabamensis'),(31,'No common name','AR, MO, OK;','Scrophulariaceae','Not Listed','https://live.staticflickr.com/65535/53411607475_8fae853cc1_b.jpg','https://www.missouribotanicalgarden.org/PlantFinder/FullImageDisplay.aspx?documentid=104189','Penstemon cobaea purpureus'),(32,'Cleft, phlox','AR, IL, IN, KY, MO, TN;','Polemoniaceae','Not Listed','https://live.staticflickr.com/65535/53411493179_533a57da7e_z.jpg','https://www.wildflower.org/gallery/result.php?id_image=47260','Phlox bifida stellaria'),(33,'Missouri bladderpod','AR, MO; U.S.A. (MO, AR)','Brassicaceae','Threatened','https://live.staticflickr.com/65535/53411607585_f748e592f5_m.jpg','https://en.wikipedia.org/wiki/Physaria_filiformis#/media/File:Lesquerella_filiformis.jpg','Physaria filiformis'),(34,'Heart-leaved plantain','AL, AR, DC, GA, IA, IL, IN, KY, MD, MI, MO, NC, NY, OH, TN, VA, WI; Canada (Ont.)','Plantaginaceae','Not Listed','https://live.staticflickr.com/65535/53411161891_d3bdc2938a_z.jpg','https://www.wildflower.org/gallery/result.php?id_image=46267','Plantago cordata'),(35,'Eastern prairie fringed orchid','AR, IA, IL, IN, ME, MI, MN, MO, OH, PA, VA, WI, WV; Canada (N.B,Ont.); U.S.A. (WI, VA, PA, OK, OH, NY, NJ, NE, MO, MI, ME, IN, IL, IA, AR), Canada (Ont., N.B.)','Orchidaceae','Threatened','https://live.staticflickr.com/65535/53411161886_edc202cacb_z.jpg','https://www.wildflower.org/gallery/result.php?id_image=90409','Platanthera leucophaea'),(36,'Purple fringeless orchid','AL, AR, DE, GA, IL, IN, KY, MD, MO, MS, NC, NJ, NY, OH, PA, SC, TN, VA, WV;','Orchidaceae','Not Listed','https://live.staticflickr.com/65535/53411493144_088e4a7b07_z.jpg','https://www.wildflower.org/gallery/result.php?id_image=44873','Platanthera peramoena'),(37,'Western prairie fringed Orchid','CO, IA, KS, MN, MO, ND, NE, SD, WY; Canada (Man.); U.S.A. (SD, OK, NE, ND, MO, MN, KS, IA), Canada (Man.)','Orchidaceae','Threatened','https://live.staticflickr.com/65535/53411337558_432d47e79c_z.jpg','https://www.wildflower.org/gallery/result.php?id_image=6971','Platanthera praeclara'),(38,'Lake Erie pinkweed','MO, OH; Canada (Ont.)','Polygonaceae','Not Listed','https://live.staticflickr.com/65535/53411337678_f8ca95b3e2_z.jpg','https://www.wildflower.org/gallery/result.php?id_image=49626','Polygonum pensylvanicum eglandulosum'),(39,'No common name','IL, IN, KY, LA, MI, MO, NC, NY, OH, OK, SC, TN, VA, VT, WI;','Brassicaceae','Not Listed','https://live.staticflickr.com/65535/53411607465_b3ae7e6399_z.jpg','https://www.missouriplants.com/Rorippa_aquatica_page.html','Rorippa aquatica'),(40,'No common name','IL, MI, MO;','Rosaceae','Not Listed','https://live.staticflickr.com/65535/53411493069_c12db95ae7_n.jpg','https://swbiodiversity.org/seinet/taxa/index.php?taxon=99021&clid=3512','Rubus missouricus'),(41,'Hall\'s bulrush','AL, GA, IA, IL, IN, KS, KY, MA, MI, MO, NE, OH, OK, SC, TX, WI; Wherever found','Cyperaceae','Not Listed','https://live.staticflickr.com/65535/53410240617_3b6f26156c_n.jpg','https://tennessee-kentucky.plantatlas.usf.edu/plant.aspx?id=1704#plant-photos','Schoenoplectiella hallii'),(42,'[Unnamed] skullcap','DE, GA, IN, KY, MO, NC, OH, PA, TN, VA, WV;','Lamiaceae','Not Listed','https://live.staticflickr.com/65535/53411493054_4aa9124138_n.jpg','https://tennessee-kentucky.plantatlas.usf.edu/plant.aspx?id=2913#plant-photos ','Scutellaria saxatilis'),(43,'Royal catchfly','AL, AR, GA, IL, IN, KS, KY, MO, OH, OK;','Caryophyllaceae','Not Listed','https://live.staticflickr.com/65535/53411161881_8120262255_z.jpg','https://www.wildflower.org/gallery/result.php?id_image=45065 ','Silene regia'),(44,'Bald grass','AL, IL, IN, KY, LA, MO, MS, OK, TN, TX;','Poaceae','Not Listed','https://live.staticflickr.com/65535/53411161751_1be4dbf983_z.jpg','https://www.wildflower.org/gallery/result.php?id_image=16888','Sporobolus vaginiflorus var. ozarkanus'),(45,'[Unnamed] sullivantia','IA, IN, KY, MN, MO, OH, VA, WI;','Saxifragaceae','Not Listed','https://live.staticflickr.com/65535/53410240682_3a5345e953_z.jpg','https://www.wildflower.org/gallery/result.php?id_image=88538','Sullivantia sullivantii'),(46,'Purple false-foxglove','IA, IL, IN, KS, KY, LA, MI, MO, OH, WI;','Scrophulariaceae','Not Listed','https://live.staticflickr.com/65535/53411493049_e614598447_h.jpg','https://tennessee-kentucky.plantatlas.usf.edu/plant.aspx?id=2825#plant-photos','Agalinis skinneriana'),(47,'No common name','AR, MO, OK;','Commelinaceae','Not Listed','https://live.staticflickr.com/65535/53411493039_e741f6184c_b.jpg','https://en.wikipedia.org/wiki/Tradescantia_ozarkana#/media/File:Tradescantia_ozarkana_Arkansas_2014.jpg','Tradescantia ozarkana'),(48,'Running buffalo clover','AR, IN, KY, MO, OH, PA, WV; ; U.S.A. (WV, OH, MO, KY, KS, IN, IL, AR)','Fabaceae','Recovery','https://live.staticflickr.com/65535/53411161701_62b46ec8e5_n.jpg','https://en.wikipedia.org/wiki/Trifolium_stoloniferum#/media/File:Trifolium_stoloniferum.jpg','Trifolium stoloniferum'),(49,'Least, Ozark trillium','AR, KY, MO, OK, TN;','Liliaceae','Not Listed','https://live.staticflickr.com/65535/53411161726_2845707496_z.jpg','https://www.wildflower.org/gallery/result.php?id_image=66541','Trillium pusillum ozarkanum'),(50,'No common name','MO;','Ericaceae','Not Listed','https://live.staticflickr.com/65535/53411337513_dba477bd53_z.jpg','https://www.wildflower.org/gallery/result.php?id_image=43797','Vaccinium pallidum');
/*!40000 ALTER TABLE `plants` ENABLE KEYS */;
UNLOCK TABLES;

--
-- Table structure for table `trips`
--

DROP TABLE IF EXISTS `trips`;
/*!40101 SET @saved_cs_client     = @@character_set_client */;
/*!50503 SET character_set_client = utf8mb4 */;
CREATE TABLE `trips` (
  `id` int NOT NULL AUTO_INCREMENT,
  `date` datetime(6) DEFAULT NULL,
  `location` varchar(255) DEFAULT NULL,
  `notes` varchar(255) DEFAULT NULL,
  `trip_name` varchar(255) DEFAULT NULL,
  `user_name` varchar(255) DEFAULT NULL,
  PRIMARY KEY (`id`),
  KEY `FK1f5gsofo24th5x8qtuq94dnt0` (`user_name`)
) ENGINE=InnoDB AUTO_INCREMENT=92 DEFAULT CHARSET=utf8mb4 COLLATE=utf8mb4_0900_ai_ci;
/*!40101 SET character_set_client = @saved_cs_client */;

--
-- Dumping data for table `trips`
--

LOCK TABLES `trips` WRITE;
/*!40000 ALTER TABLE `trips` DISABLE KEYS */;
INSERT INTO `trips` VALUES (7,'2023-12-30 19:00:00.000000','\"Ha Ha Tonka State Park\"','state park with kids','day trip with kids 111','example2@example.com'),(11,'2024-01-01 19:00:00.000000','\"Nathan and Olive Boone Homestead State Historic Site\"','I updated!!!','new!!','example2@example.com'),(12,'2024-01-01 19:00:00.000000','\"Wallace State Park\"','1','get it son!!','example2@example.com'),(13,'2024-01-01 19:00:00.000000','\"Finger Lakes State Park\"','yep','sorted finished','example2@example.com'),(14,'2023-12-16 19:00:00.000000','park','state park with kids','day trip with kids','example2@example.com'),(16,'2024-01-02 19:00:00.000000','\"Ha Ha Tonka State Park\"','state park with kids','day trip with kids','example2@example.com'),(17,'2024-01-02 19:00:00.000000','\"Scott Joplin House State Historic Site\"','2','2','2'),(18,'2023-12-30 19:00:00.000000','\"Scott Joplin House State Historic Site\"','2','2update','2'),(19,'2023-12-30 19:00:00.000000','\"Scott Joplin House State Historic Site\"','2','2update 2','2'),(20,'2024-01-06 19:00:00.000000','\"Scott Joplin House State Historic Site\"','2','2update 222','2'),(21,'2023-12-30 19:00:00.000000','\"Scott Joplin House State Historic Site\"','2','2update 333','2'),(22,'2023-12-30 19:00:00.000000','\"Edward \"Ted\"\" and Pat Jones-Confluence Point State Park\"\"','9','9','example2@example.com'),(25,'2024-01-01 19:00:00.000000','\"Prairie State Park\"','999','golly new','example2@example.com'),(26,'2023-12-31 19:00:00.000000','\"Gateway Arch\"','na','bean got it','example2@example.com'),(27,'2024-01-02 19:00:00.000000','\"Echo Bluff State Park\"','crud','wo hoo','example2@example.com'),(29,'2024-01-03 19:00:00.000000','\"Ha Ha Tonka State Park\"','testestest','plantTEST','example2@example.com'),(30,'2024-01-03 19:00:00.000000','\"Harry S Truman Birthplace State Historic Site\"','hehe','planttest 2','3'),(31,'2024-01-03 19:00:00.000000','\"Arrow Rock State Historic Site\"','3','test 3 plants','3'),(32,'2023-12-30 19:00:00.000000','\"Ha Ha Tonka State Park\"','p3','p3','3'),(33,'2024-01-03 19:00:00.000000','\"St. Francois State Park\"','weeee','team awesome','3'),(34,'2023-12-16 19:00:00.000000','park','state park with kids','day trip with kids','3'),(35,'2023-12-16 19:00:00.000000','sky','state park with heroes','hero day','3'),(36,'2023-12-16 19:00:00.000000','idtest','state park with heroes','id day','3'),(37,'2023-12-16 19:00:00.000000','idtest','state park with heroes','id day','3'),(39,'2023-12-16 19:00:00.000000','only id in plants','state park with heroes','id day','example1@example.com'),(40,'2023-12-16 19:00:00.000000','only id in plants','state park with heroes','id day','example1@example.com'),(41,'2023-12-16 19:00:00.000000','only id in plants','state park with heroes','id day','3'),(42,'2023-12-16 19:00:00.000000','only ','state park with heroes','id day','example1@example.com'),(43,'2023-12-16 19:00:00.000000','only ','state park with heroes','only ID','example1@example.com'),(44,'2023-11-29 19:00:00.000000','\"Edward \"Ted\"\" and Pat Jones-Confluence Point State Park\"\"','front','test plany front','example1@example.com'),(45,'2023-11-30 19:00:00.000000','\"Ha Ha Tonka State Park\"','1','front2','example1@example.com'),(46,'2023-12-16 19:00:00.000000','postman test ','state park with heroes','postman test','example2@example.com'),(50,'2024-01-04 19:00:00.000000','\"Ha Ha Tonka State Park\"','eeeeeeeeeeeee','eeeeeeeeee','example2@example.com'),(51,'2024-01-04 19:00:00.000000','\"Ha Ha Tonka State Park\"','wwwwwwwwwwwww','wwwwwww','example2@example.com'),(52,'2023-12-30 19:00:00.000000','\"Ha Ha Tonka State Park\"','1 50','150','example2@example.com'),(54,'2024-01-04 19:00:00.000000','\"Arrow Rock State Historic Site\"','check mark in place','all added up!','example2@example.com'),(55,'2024-01-04 19:00:00.000000','\"Weston Bend State Park\"',NULL,'main branch test','example2@example.com'),(56,'2024-01-07 19:00:00.000000','\"Ha Ha Tonka State Park\"','test js','testing delete in javascript','example2@example.com'),(61,'2023-12-30 19:00:00.000000','\"Ha Ha Tonka State Park\"','1 plant after two deletes','js delete','example2@example.com'),(62,'2023-12-30 19:00:00.000000','\"Ha Ha Tonka State Park\"','2 plants after deleting 3 plants and re-adding 1.','js delete 2 plant','example2@example.com'),(63,'2023-12-30 19:00:00.000000','\"Arrow Rock State Historic Site\"','tttttttttt','new','example2@example.com'),(64,'2024-12-30 19:00:00.000000','\"Ha Ha Tonka State Park\"','ttttttttttttttttttttt','ttttt','example2@example.com'),(65,'2024-01-07 19:00:00.000000','\"Ha Ha Tonka State Park\"','btn reset','test checkmark reset','example2@example.com'),(66,'2024-12-30 19:00:00.000000','\"Wallace State Park\"','multi','mulitple edits','example2@example.com'),(67,'2024-01-08 19:00:00.000000','\"Sam A. Baker State Park\"','DONE AND DONE','full trip with plants','2'),(68,'2023-12-28 19:00:00.000000','\"Stockton State Park\"','heheheheheheh','does add trip work after an edit','example2@example.com'),(69,'2024-02-07 19:00:00.000000','\"Finger Lakes State Park\"','1','111','example2@example.com'),(70,'2024-01-10 19:00:00.000000','\"Ha Ha Tonka State Park\"','reset','reset','example2@example.com'),(71,'2024-01-31 19:00:00.000000','\"Clark\'s Hill/Norton State Historic Site\"','rest','reset','example2@example.com'),(72,'2024-01-30 19:00:00.000000','\"Clark\'s Hill/Norton State Historic Site\"','rest','re','example2@example.com'),(73,'2024-01-24 19:00:00.000000','\"Finger Lakes State Park\"','re','re','example2@example.com'),(74,'2024-02-07 19:00:00.000000','\"Clark\'s Hill/Norton State Historic Site\"','er','er','example2@example.com'),(75,'2024-02-09 19:00:00.000000','\"Clark\'s Hill/Norton State Historic Site\"','note 1 plant','re','example2@example.com'),(76,'2023-12-30 19:00:00.000000','\"Ha Ha Tonka State Park\"','1 plant, 2 animals','plants and animals','example2@example.com'),(81,'2024-01-15 19:00:00.000000','\"Thomas Hart Benton Home and Studio State Historic Site\"','saw a lot of deer','First trip with kids','example@example.com'),(82,'2023-12-30 19:00:00.000000','\"Ha Ha Tonka State Park\"','It was cold','New Year Eve Trip','example@example.com'),(83,'2024-01-15 19:00:00.000000','\"Don Robinson State Park\"','yea yea','plants animals and user','example2@example.com'),(84,'2024-01-11 19:00:00.000000','\"Edward \"Ted\"\" and Pat Jones-Confluence Point State Park\"\"','t','animal check','example2@example.com'),(85,'2023-12-30 19:00:00.000000','\"Ha Ha Tonka State Park\"','c','animal check take 2','example2@example.com'),(86,'2023-11-29 19:00:00.000000','\"Ha Ha Tonka State Park\"','df','check animal and plant','example2@example.com');
/*!40000 ALTER TABLE `trips` ENABLE KEYS */;
UNLOCK TABLES;

--
-- Table structure for table `trips_fauna`
--

DROP TABLE IF EXISTS `trips_fauna`;
/*!40101 SET @saved_cs_client     = @@character_set_client */;
/*!50503 SET character_set_client = utf8mb4 */;
CREATE TABLE `trips_fauna` (
  `trips_id` int NOT NULL,
  `fauna_id` int NOT NULL,
  KEY `FKsxusp4x3jq2p3044us3lhvi2o` (`fauna_id`),
  KEY `FK5hilbmroty6e5h4vcr0bfo52` (`trips_id`),
  CONSTRAINT `FK5hilbmroty6e5h4vcr0bfo52` FOREIGN KEY (`trips_id`) REFERENCES `trips` (`id`),
  CONSTRAINT `FKsxusp4x3jq2p3044us3lhvi2o` FOREIGN KEY (`fauna_id`) REFERENCES `fauna` (`id`)
) ENGINE=InnoDB DEFAULT CHARSET=utf8mb4 COLLATE=utf8mb4_0900_ai_ci;
/*!40101 SET character_set_client = @saved_cs_client */;

--
-- Dumping data for table `trips_fauna`
--

LOCK TABLES `trips_fauna` WRITE;
/*!40000 ALTER TABLE `trips_fauna` DISABLE KEYS */;
INSERT INTO `trips_fauna` VALUES (76,1),(76,2),(76,3),(83,5),(83,8),(83,9),(83,14),(83,31),(83,32),(84,1),(84,2),(84,3),(84,5),(84,6),(84,7),(84,8),(84,9),(85,1),(85,2),(85,5),(85,3),(86,1),(86,2),(81,25),(82,1),(82,2);
/*!40000 ALTER TABLE `trips_fauna` ENABLE KEYS */;
UNLOCK TABLES;

--
-- Table structure for table `trips_plants`
--

DROP TABLE IF EXISTS `trips_plants`;
/*!40101 SET @saved_cs_client     = @@character_set_client */;
/*!50503 SET character_set_client = utf8mb4 */;
CREATE TABLE `trips_plants` (
  `trips_id` int NOT NULL,
  `plants_id` int NOT NULL,
  KEY `FKh4dnqinmuhu1dv6157i2l0gx3` (`plants_id`),
  KEY `FKqn9147tkf1c08mealm41hrj2r` (`trips_id`),
  CONSTRAINT `FKh4dnqinmuhu1dv6157i2l0gx3` FOREIGN KEY (`plants_id`) REFERENCES `plants` (`id`),
  CONSTRAINT `FKqn9147tkf1c08mealm41hrj2r` FOREIGN KEY (`trips_id`) REFERENCES `trips` (`id`)
) ENGINE=InnoDB DEFAULT CHARSET=utf8mb4 COLLATE=utf8mb4_0900_ai_ci;
/*!40101 SET character_set_client = @saved_cs_client */;

--
-- Dumping data for table `trips_plants`
--

LOCK TABLES `trips_plants` WRITE;
/*!40000 ALTER TABLE `trips_plants` DISABLE KEYS */;
INSERT INTO `trips_plants` VALUES (34,1),(34,2),(35,1),(35,2),(36,1),(36,2),(37,50),(37,2),(39,1),(39,3),(39,8),(40,1),(40,3),(40,8),(41,50),(41,30),(41,22),(42,50),(42,30),(42,22),(43,45),(43,20),(43,42),(46,4),(46,10),(46,32),(50,1),(51,2),(51,4),(52,1),(52,50),(54,1),(54,11),(54,43),(54,45),(54,47),(54,48),(54,49),(54,50),(55,1),(55,2),(55,5),(55,16),(55,21),(55,26),(55,27),(55,35),(55,40),(55,45),(7,1),(7,3),(61,1),(62,1),(62,2),(63,1),(63,2),(63,3),(64,1),(64,2),(64,50),(64,49),(64,48),(64,50),(66,7),(66,8),(66,6),(66,1),(67,2),(67,3),(67,8),(67,11),(67,13),(67,15),(67,34),(67,50),(67,49),(67,45),(68,47),(68,46),(68,45),(68,44),(68,43),(68,48),(69,1),(69,2),(69,3),(70,5),(70,4),(70,3),(70,2),(70,1),(71,1),(71,2),(71,3),(72,1),(72,2),(72,3),(73,1),(73,2),(73,3),(74,1),(74,2),(75,1),(76,1),(76,2),(83,1),(83,2),(83,3),(84,1),(86,1),(81,1),(82,1);
/*!40000 ALTER TABLE `trips_plants` ENABLE KEYS */;
UNLOCK TABLES;
/*!40103 SET TIME_ZONE=@OLD_TIME_ZONE */;

/*!40101 SET SQL_MODE=@OLD_SQL_MODE */;
/*!40014 SET FOREIGN_KEY_CHECKS=@OLD_FOREIGN_KEY_CHECKS */;
/*!40014 SET UNIQUE_CHECKS=@OLD_UNIQUE_CHECKS */;
/*!40101 SET CHARACTER_SET_CLIENT=@OLD_CHARACTER_SET_CLIENT */;
/*!40101 SET CHARACTER_SET_RESULTS=@OLD_CHARACTER_SET_RESULTS */;
/*!40101 SET COLLATION_CONNECTION=@OLD_COLLATION_CONNECTION */;
/*!40111 SET SQL_NOTES=@OLD_SQL_NOTES */;

-- Dump completed on 2024-07-09 12:10:29
